{
  "Total" : {
    "transaction" : "Total",
    "sampleCount" : 2400,
    "errorCount" : 0,
    "errorPct" : 0.0,
    "meanResTime" : 3033.1887499999943,
    "medianResTime" : 3078.0,
    "minResTime" : 507.0,
    "maxResTime" : 22047.0,
    "pct1ResTime" : 3386.9,
    "pct2ResTime" : 3612.7999999999993,
    "pct3ResTime" : 4475.889999999998,
    "throughput" : 12.211254706421084,
    "receivedKBytesPerSec" : 6.616496641904956,
    "sentKBytesPerSec" : 2.9884183881143787
  },
  "HTTP Request" : {
    "transaction" : "HTTP Request",
    "sampleCount" : 2400,
    "errorCount" : 0,
    "errorPct" : 0.0,
    "meanResTime" : 3033.1887499999943,
    "medianResTime" : 3078.0,
    "minResTime" : 507.0,
    "maxResTime" : 22047.0,
    "pct1ResTime" : 3386.9,
    "pct2ResTime" : 3612.7999999999993,
    "pct3ResTime" : 4475.889999999998,
    "throughput" : 12.211254706421084,
    "receivedKBytesPerSec" : 6.616496641904956,
    "sentKBytesPerSec" : 2.9884183881143787
  }
}